Категория,Товар,,,,, ,,,,,,,,,
Комнатные растения,Комнатное,,,,,,,,,,, ,,,
Комнатные растения,Шеффлера,,,,,,,,,,,,,,
Комнатные растения,Герань,,,,,,,,,,,,,,
Комнатные растения,Циперус,,,,,,,,,,,,,,
Комнатные растения,Радермахера,,,,,,,,,,,,,,
Комнатные растения,Хризолидокарпус,,,,,,,,,,,,,,
Комнатные растения,Юкка,,,,,,,,,,,,,,
Комнатные растения,Эвкалипт,,,,,,,,,,,,,,
Комнатные растения,Душица,,,,,,,,,,,,,,
Комнатные растения,Пеларгония,,,,,,,,,,,,,,
Комнатные растения,Тимьян,,,,,,,,,,,,,,
Комнатные растения,Хлорофитум,,,,,,,,,,,,,,
Комнатные растения,Мединилла,,,,,,,,,,,,,,
Комнатные растения,Лавр,,,,,,,,,,,,,,
Комнатные растения,Мирт,,,,,,,,,,,,,,
Комнатные растения,Фиалка,,,,,,,,,,,,,,
Комнатные растения,Каланхое,,,,,,,,,,,,,,
Комнатные растения,Литопс,,,,,,,,,,,,,,
Комнатные растения,Мимоза,,,,,,,,,,,,,,
Комнатные растения,Суккулент,,,,,,,,,,,,,,
Комнатные растения,Эхеверия,,,,,,,,,,,,,,
Комнатные растения,Мята,,,,,,,,,,,,,,
Комнатные растения,Зверобой,,,,,,,,,,,,,,
Комнатные растения,Адиантум,,,,,,,,,,,,,,
Комнатные растения,Эхинокактус,,,,,,,,,,,,,,
Комнатные растения,Фуксия,,,,,,,,,,,,,,
Комнатные растения,Пахира,,,,,,,,,,,,,,
Комнатные растения,Кампанула,,,,,,,,,,,,,,
Комнатные растения,Калатея,,,,,,,,,,,,,,
Комнатные растения,Нолина,,,,,,,,,,,,,,
Комнатные растения,Пуансеттия,,,,,,,,,,,,,,
Комнатные растения,Цикламен,,,,,,,,,,,,,,
Комнатные растения,Глоксиния,,,,,,,,,,,,,,
Комнатные растения,Азалия,,,,,,,,,,,,,,
Комнатные растения,Хризантема,,,,,,,,,,,,,,
Комнатные растения,Гортензия,,,,,,,,,,,,,,
Комнатные растения,Чабер,,,,,,,,,,,,,,
Комнатные растения,Лаванда,,,,,,,,,,,,,,
Комнатные растения,Бальзамин,,,,,,,,,,,,,,
Комнатные растения,Иссоп,,,,,,,,,,,,,,
Комнатные растения,Сантолина,,,,,,,,,,,,,,
Комнатные растения,Аспарагус,,,,,,,,,,,,,,
Комнатные растения,Афеляндра,,,,,,,,,,,,,,
Комнатные растения,Диффенбахия,,,,,,,,,,,,,,
Комнатные растения,Антуриум,,,,,,,,,,,,,,
Комнатные растения,Молодило,,,,,,,,,,,,,,
Комнатные растения,Гербера,,,,,,,,,,,,,,
Комнатные растения,Мелисса,,,,,,,,,,,,,,
Комнатные растения,Роза,,,,,,,,,,,,,,
Комнатные растения,Кофе,,,,,,,,,,,,,,
Комнатные растения,Фаленопсис,,,,,,,,,,,,,,
Комнатные растения,Бегония,,,,,,,,,,,,,,
Комнатные растения,Розмарин,,,,,,,,,,,,,,
Комнатные растения,Амариллис,,,,,,,,,,,,,,
Комнатные растения,Замиокулькас,,,,,,,,,,,,,,
Комнатные растения,Декабрист,,,,,,,,,,,,,,
Комнатные растения,Спатифиллум,,,,,,,,,,,,,,
Комнатные растения,Альбука,,,,,,,,,,,,,,
Комнатные растения,Крассула,,,,,,,,,,,,,,
Комнатные растения,Артемизия,,,,,,,,,,,,,,
Комнатные растения,Клен,,,,,,,,,,,,,,
Комнатные растения,Примула,,,,,,,,,,,,,,
Комнатные растения,Импатиенс,,,,,,,,,,,,,,
Комнатные растения,Дендробиум,,,,,,,,,,,,,,
Комнатные растения,Калоцефалус,,,,,,,,,,,,,,
Комнатные растения,Каллуна,,,,,,,,,,,,,,
Комнатные растения,Капсикум,,,,,,,,,,,,,,
Комнатные растения,Лантана,,,,,,,,,,,,,,
Комнатные растения,Соланум,,,,,,,,,,,,,,
Комнатные растения,Хамедорея,,,,,,,,,,,,,,
Комнатные растения,Гардения,,,,,,,,,,,,,,
Комнатные растения,Монарда,,,,,,,,,,,,,,
Комнатные растения,Буддлея,,,,,,,,,,,,,,
Комнатные растения,Пуансетия,,,,,,,,,,,,,,
Комнатные растения,Подвесное,,,,,,,,,,,,,,
Комнатные растения,Аптения,,,,,,,,,,,,,,
Комнатные растения,Калибрахоа,,,,,,,,,,,,,,
Комнатные растения,Скиммия,,,,,,,,,,,,,,
Комнатные растения,Фатсия,,,,,,,,,,,,,,
Комнатные растения,Фиттония,,,,,,,,,,,,,,
Комнатные растения,Алоэ,,,,,,,,,,,,,,
Комнатные растения,Фикус,,,,,,,,,,,,,,
Комнатные растения,Сциндапсус,,,,,,,,,,,,,,
Комнатные растения,Пряные,,,,,,,,,,,,,,
Комнатные растения,Гимнокалициум,,,,,,,,,,,,,,
Комнатные растения,Крокусы,,,,,,,,,,,,,,
Комнатные растения,Эпипремнум,,,,,,,,,,,,,,
Комнатные растения,Джункус,,,,,,,,,,,,,,
Комнатные растения,Драцена,,,,,,,,,,,,,,
Комнатные растения,Нефролепис,,,,,,,,,,,,,,
Комнатные растения,Цитрофортунелла,,,,,,,,,,,,,,
Комнатные растения,Пеперомия,,,,,,,,,,,,,,
Комнатные растения,Синнингия,,,,,,,,,,,,,,
Комнатные растения,Муррайя,,,,,,,,,,,,,,
Ванная комната и гардероб,Сушилка,,,,,,,,,,,,,,
Ванная комната и гардероб,Гладильная,,,,,,,,,,,,,,
Ванная комната и гардероб,Корзина,,,,,,, ,,,,,,,
Ванная комната и гардероб,Вешалка,,,,,,,,,,,,,,
Ванная комната и гардероб,Настенная сушилка,,,,,,,,,,,,,, 
Ванная комната и гардероб,Крючок одежный,,,,,,,,,,,,,, 
Ванная комната и гардероб,Чехол,,,,,,,,,,,,,,
Ванная комната и гардероб,Стяжки,,,,,,,,,,,,,,
Ванная комната и гардероб,Доска,,,,,,,,,,,,,,
Ванная комната и гардероб,Покрытие,,,,,,,,,,,,,,
Ванная комната и гардероб,Набор прищепок,,,,,,,,,,,,,,
Ванная комната и гардероб,Подкладка,,,,,,,,,,,,,,
Ванная комната и гардероб,Рукав,,,,,,,,,,,,,,
Ванная комната и гардероб,Подрукавник,,,,,,,,,,,,,,
Ванная комната и гардероб,Махровое,,,,,,,,,,,,,,
Ванная комната и гардероб,Ерш,,,,,,,,,,,,,,
Ванная комната и гардероб,Ёрш,,,,,,,,,,,,,,
Ванная комната и гардероб,Коврик,,,,,,,,,,,,,,
Ванная комната и гардероб,Дозатор,,,,,,,,,,,,,,
Ванная комната и гардероб,Таз со стиральной доской,,,,,,,,,,,,,,
Ванная комната и гардероб,Мусорный,,,,,,,,,,,,,,
Ванная комната и гардероб,Набор вешалок,,,,,,,,,,,,,,
Ванная комната и гардероб,Вешалки,,,,,,,,,,,,,,
Ванная комната и гардероб,Плечики,,,,,,,,,,,,,,
Ванная комната и гардероб,Сиденье,,,,,,,,,,,,,,
Ванная комната и гардероб,Карниз для ванной,,,,,,,,,,,,,,
Ванная комната и гардероб,Штанга для ванной,,,,,,,,,,,,,,
Ванная комната и гардероб,Жидкое,,,,,,,,,,,,,,
Ванная комната и гардероб,Пена для ванн,,,,,,,,,,,,,,
Ванная комната и гардероб,Зубная,,,,,,,,,,,,,,
Ванная комната и гардероб,Запасная насадка для ерша,,,,,,,,,,,,,,
Ванная комната и гардероб,Щётка,,,,,,,,,,,,,,
Ванная комната и гардероб,Подголовник,,,,,,,,,,,,,,
Ванная комната и гардероб,Стакан для ванной,,,,,,,,,,,,,,
Ванная комната и гардероб,Настольная гладильная,,,,,,,,,,,,,,
Ванная комната и гардероб,Утюг,,,,,,,,,,,,,,
Ванная комната и гардероб,Халат,,,,,,,,,,,,,,
Ванная комната и гардероб,Паста,,,,,,,,,,,,,,
Ванная комната и гардероб,Полотенце махровое,,,,,,,,,,,,,,
Ванная комната и гардероб,Держатель,,,,,,,,,,,,,,
Ванная комната и гардероб,Пробка для ванны,,,,,,,,,,,,,,
Ванная комната и гардероб,Мыло,,,,,,,,,,,,,,
Ванная комната и гардероб,Фен,,,,,,,,,,,,,,
Ванная комната и гардероб,Бельевые,,,,,,,,,,,,,,
Ванная комната и гардероб,Прищепки,,,,,,,,,,,,,,
Ванная комната и гардероб,Сетка для глажения,,,,,,,,,,,,,,
Ванная комната и гардероб,Ванна,,,,,,,,,,,,,,
Ванная комната и гардероб,Мыльница,,,,,,,,,,,,,,
Ванная комната и гардероб,Вантуз,,,,,,,,,,,,,,
Ванная комната и гардероб,Увлажняющая,,,,,,,,,,,,,,
Ванная комната и гардероб,Махровый халат,,,,,,,,,,,,,,
Кухня,Чайник,,,,,,,,,,,,,,
Кухня,Тарелка,,,,,,,,,,, ,,,
Кухня,Вилка,,,,,,,,,,,, ,,
Кухня,Ложка,,,,,,,,,,, ,,,
Кухня,Нож,,,,,,,,,,,,,,
Кухня,Набор кружек,,,,,,,,,,,,,,
Кухня,Таз пластмассовый,,,,,,,,,,, ,,,
Кухня,Мерный,,,,,,,,,, ,,,,
Кухня,Салатник,,,,,,,,,, ,,,,
Кухня,Набор фужеров,,,,,,,,,,,, ,,
Кухня,Скатерть,,,,,,,,,,,,,,
Кухня,Кувшин,,,,,,,,,,,,,,
Кухня,Котел,,,,,,,,,,,,,,
Кухня,Кастрюля,,,,,,,,,,,,,,
Кухня,Толкушка,,,,,,,,,,,,,,
Кухня,Просеиватель,,,,,,,,,,,,,,
Кухня,Готовая,,,,,,,,,,,,,,
Кухня,Банка,,,,,,,,,,,,,,
Кухня,Термокружка,,,,,,,,,,,,,,
Кухня,Противень,,,,,,,,,,,,,,
Кухня,Кипятильник,,,,,,,,,,,,,,
Кухня,Полотенце кухонное,,,,,,,,,,,,,,
Кухня,Подставка,,,,,,,,,,,,,,
Кухня,Стеклянная,,,,,,,,,,,,,,
Кухня,Салфетка,,,,,,,,,,,,,,
Кухня,Сахарница,,,,,,,,,,,,,,
Кухня,Вкладыши,,,,,,,,,,,,,,
Кухня,Миксер,,,,,,,,,,,,,,
Кухня,Кружка,,,,,,,,,,,,,,
Кухня,Половник,,,,,,,,,,,,,,
Кухня,Tepмокружка AVEX,,,,,,,,,,,,,,
Кухня,Мини-сковорода,,,,,,,,,,,,,,
Кухня,Сковорода,,,,,,,,,,,,,,
Кухня,Набор эмалированных,,,,,,,,,,,,,,
Кухня,Блюдо,,,,,,,,,,,,,,
Кухня,Контейнер для овощей,,,,,,,,,,,,,,
Кухня,Универсальный нож,,,,,,,,,,,,,,
Кухня,Терка,,,,,,,,,,,,,,
Кухня,Набор ножей,,,,,,,,,,,,,,
Кухня,Соковыжималка,,,,,,,,,,,,,,
Кухня,Масленка,,,,,,,,,,,,,,
Кухня,Соковарка,,,,,,,,,,,,,,
Кухня,Пьезозажигалка,,,,,,,,,,,,,,
Кухня,Сервировочная,,,,,,,,,,,,,,
Кухня,Столовая,,,,,,,,,,,,,,
Кухня,Чайный,,,,,,,,,,,,,,
Кухня,Рыбочистка,,,,,,,,,,,,,,
Кухня,Овощеварка,,,,,,,,,,,,,,
Кухня,Крышка оцинкованная,,,,,,,,,,,,,,
Кухня,Контейнер для приготовления,,,,,,,,,,,,,,
Кухня,Бидон,,,,,,,,,,,,,,
Кухня,Набор стаканов,,,,,,,,,,,,,,
Кухня,Лопатка,,,,,,,,,,,,,,
Кухня,Салфетница,,,,,,,,,,,,,,
Кухня,Стакан низкий,,,,,,,,,,,,,,
Кухня,Стакан пластмассовый,,,,,,,,,,,,,,
Кухня,Чайная,,,,,,,,,,,,,,
Кухня,Миска,,,,,,,,,,,,,,
Кухня,Овощечистка,,,,,,,,,,,,,,
Кухня,Жестяная,,,,,,,,,,,,,,
Кухня,Хлебница,,,,,,,,,,,,,,
Кухня,Термос,,,,,,,,,,,,,,
Кухня,Весы,,,,,,,,,,,,,,
Кухня,Шприц,,,,,,,,,,,,,,
Кухня,Измельчитель,,,,,,,,,,,,,,
Кухня,Лоток для холодца,,,,,,,,,,,,,,
Кухня,Отделитель,,,,,,,,,,,,,,
Кухня,Разделочная,,,,,,,,,,,,,,
Кухня,Набор кухонных,,,,,,,,,,,,,,
Кухня,Мантоварка,,,,,,,,,,,,,,
Кухня,Набор бокалов,,,,,,,,,,,,,,
Кухня,Лоток KNIT,,,,,,,,,,,,,,
Кухня,Кухонные,,,,,,,,,,,,,,
Кухня,Кисточка,,,,,,,,,,,,,,
Кухня,Скребок,,,,,,,,,,,,,,
Кухня,Картофелемялка,,,,,,,,,,,,,,
Кухня,Рассекатель,,,,,,,,,,,,,,
Кухня,Набор форм,,,,,,,,,,,,,,
Кухня,Пресс,,,,,,,,,,,,,,
Кухня,Защитный экран,,,,,,,,,,,,,,
Кухня,Набор столовых,,,,,,,,,,,,,,
Кухня,Фарфоровая,,,,,,,,,,,,,,
Кухня,Таз алюминиевый,,,,,,,,,,,,,,
Кухня,Сотейник,,,,,,,,,,,,,,
Кухня,Электроштопор,,,,,,,,,,,,,,
Кухня,Столовый,,,,,,,,,,,,,,
Кухня,Контейнер для СВЧ,,,,,,,,,,,,,,
Кухня,Бульонница,,,,,,,,,,,,,,
Кухня,Контейнер герметичный,,,,,,,,,,,,,,
Кухня,Емкость для соуса,,,,,,,,,,,,,,
Кухня,Модульная,,,,,,,,,,,,,,
Кухня,Емкость для СВЧ,,,,,,,,,,,,,,
Кухня,Блюдце,,,,,,,,,,,,,,
Кухня,Контейнер для продуктов,,,,,,,,,,,,,,
Кухня,Форма,,,,,,,,,,,,,,
Кухня,Орехоколка,,,,,,,,,,,,,,
Кухня,Кухонное,,,,,,,,,,,,,,
Кухня,Скалка,,,,,,,,,,,,,,
Кухня,Венчик,,,,,,,,,,,,,,
Кухня,Сито,,,,,,,,,,,,,,
Кухня,Тортница,,,,,,,,,,,,,,
Кухня,Набор посуды,,,,,,,,,,,,,,
Уборка,Щетка-сметка,,,,,,,,,,,,,,
Уборка,Швабра,,,,,,,,,,,, ,,
Уборка,Перчатки,,,,,,,,,,,,,,
Уборка,Стиральный,,,,,,,,,,,,,,
Уборка,Чистящий,,,,,,,,,,,,,,
Уборка,Щетка,,,,,,,,,,,,,,
Уборка,Тряпка,,,,,,,,,,,,,,
Уборка,Совок,,,,,,,,,,,,,,
Уборка,Веник,,,,,,,,,,,,,,
Уборка,Насадка,,,,,,,,,,,,,,
Уборка,Сметка,,,,,,,,,,,,,,
Уборка,Отбеливатель,,,,,,,,,,,,,,
Уборка,Средство,,,,,,,,,,,,,,
Уборка,Губка,,,,,,,,,,,,,,
Уборка,Окномойка,,,,,,,,,,,,,,
Уборка,Полотенце прессованное,,,,,,,,,,,,,,
Уборка,Антижир,,,,,,,,,,,,,,
Уборка,Универсальное средство,,,,,,,,,,,,,,
Уборка,Ролик для чистки,,,,,,,,,,,,,,
Уборка,Сменный блок,,,,,,,,,,,,,,
Уборка,Ароматизированное,,,,,,,,,,,,,,
Уборка,Бальзам,,,,,,,,,,,,,,
Уборка,Ополаскиватель,,,,,,,,,,,,,,
Уборка,Кондиционер,,,,,,,,,,,,,,
Уборка,Комплект для мытья,,,,,,,,,,,,,,
Уборка,Антинакипин,,,,,,,,,,,,,,
Уборка,Защитная,,,,,,,,,, ,,,,
Уборка,Гипоаллергенный,,,,,,,,,,,,,,
Уборка,Отжим,,,,,,,,,,,,,,
Уборка,Нетканые,,,,,,,,,,,,,,
Уборка,Набор махровых,,,,,,,,,,,,,,
Уборка,Комплект махровых,,,,,,,,,,,,,,
Уборка,Сетка для стирки,,,,,,,,,,,,,,
Уборка,Мешок для деликатной,,,,,,,,,,,,,,
Уборка,Набор Vileda,,,,,,,,,,,,,,
Уборка,Концентрат,,,,,,,,,,,,,,
Уборка,Сменная,,,,,,,,,,,,,,
Уборка,Автоматическая,,,,,,,,,,,,,,
Уборка,Тряпкодержатель,,,,,,,,,,,,,,
Уборка,Фиксатор,,,,,,,,,,,,,,
"Спальня, прихожая, декор",Штора,,,,,,,,,,,,,,
"Спальня, прихожая, декор",Муляж,,,,,,,,,, ,,,,
"Спальня, прихожая, декор",Искусственный,,,,,,,,,, ,,,,
"Спальня, прихожая, декор",Цветок искусственный,,,,,,,,,,,,,,
"Спальня, прихожая, декор",Подушка,,,,,,,,,,,,,,
"Спальня, прихожая, декор",Плед,,,,,,,,,,,,,,
"Спальня, прихожая, декор",Простыня,,,,,,,,,,,,,,
"Спальня, прихожая, декор",Ткань,,,,,,,,,,,,,,
"Спальня, прихожая, декор",Ковер,,,,,,,,,,,,,,
"Спальня, прихожая, декор",Одеяло,,,,,,,,,,,,,,
"Спальня, прихожая, декор",Набор ковров,,,,,,,,,,,,,,
"Спальня, прихожая, декор",Декоративная,,,,,,,,,,,,,,
"Спальня, прихожая, декор",Двуспальное,,,,,,,,,,,,,,
"Спальня, прихожая, декор",Ящик,,,,,,,,,,,,,,
"Спальня, прихожая, декор",Кофр,,,,,,,,,,,,,,
"Спальня, прихожая, декор",Стеллаж,,,,,,,,,,,,,,
"Спальня, прихожая, декор",Коробка,,,,,,,,,,,,,,
"Спальня, прихожая, декор",Светильник,,,,,,,,,,,,,,
"Спальня, прихожая, декор",Ковёр,,,,,,,,,,,,,,
"Спальня, прихожая, декор",Вакуумный,,,,,,,,,,,,,,
"Спальня, прихожая, декор",Этажерка,,,,,,,, ,,,,,,
"Спальня, прихожая, декор",Наматрасник,,,,,,,,,,,,,,
"Спальня, прихожая, декор",Наматрицник,,,,,,,,,,,,,,
"Спальня, прихожая, декор",Покрывало,,,,,,,,,,,,,,
"Спальня, прихожая, декор",Комод,,,,,,,,,,,,,,
"Спальня, прихожая, декор",Искусственная,,,,,,,,,,,,,,
"Спальня, прихожая, декор",Полка для обуви,,,,,,,,,,,,,,
"Спальня, прихожая, декор",Ваза,,,,,,,,,,,,,,
"Спальня, прихожая, декор",Комплект постельного,,,,,,,,,,,,,,
"Спальня, прихожая, декор",Складной,,,,,,,,,,,,,,
"Спальня, прихожая, декор",Фоторамка,,,,,,,,,,,,,,
"Спальня, прихожая, декор",Простынь,,,,,,,,,,,,,,
"Спальня, прихожая, декор",Ключница,,,,,,,,,,,,,,
"Спальня, прихожая, декор",Складная,,,,,,,,,,,,,,
"Спальня, прихожая, декор",Пододеяльник,,,,,,,,,,,,,,
"Спальня, прихожая, декор",Пылесос,,,,,,,,,,,,,,
"Спальня, прихожая, декор",Обувница,,,,,,,,,,,,,,
"Спальня, прихожая, декор",Наволочка,,,,,,,,,,,,,,
"Спальня, прихожая, декор",Подарочный набор,,,,,,,,,,,,,,
"Спальня, прихожая, декор",Наматрацник,,,,,,,,,,,,,,
Строительство и ремонт,Стремянка,,,,,,,,,,,,,,
Строительство и ремонт,Ведро,,,,,,,,,,,,,,
Строительство и ремонт,Урна,,,,,,,, ,,,,,,
Строительство и ремонт,Шпингалет,,,,,,,,,,,,,,
Строительство и ремонт,Полки,,,,,,,,,,,,,,
Строительство и ремонт,Основание,,,,,,,,,,,,,,
Строительство и ремонт,Лестница,,,,,,,,,,,,,,
Строительство и ремонт,Холодная сварка,,,,,,,,,,,,,,
Строительство и ремонт,Крепеж,,,,,,,,,,,,,,
Строительство и ремонт,Стремянки,,,,,,,,,,,,,,
Строительство и ремонт,Стяжка,,,,,,,,,,,,,,
Строительство и ремонт,Петля,,,,,,,,,,,,,,
Строительство и ремонт,Пружина,,,,,,,,,,,,,,
Строительство и ремонт,Набор сверел,,,,,,,,,,,,,,
Строительство и ремонт,Сверло,,,,,,,,,,,,,,
Строительство и ремонт,Уголок,,,,,,,,,,,,,,
Строительство и ремонт,Решетка,,,,,,,,,,,,,,
Строительство и ремонт,Карниз,,,,,,,,,,,,,,
Строительство и ремонт,Короб,,,,,,,,,,,,,,
Строительство и ремонт,Ручка,,,,,,,, ,,,,,,
Строительство и ремонт,Завертка,,,,,,,,,,,,,,
Строительство и ремонт,Шнур,,,,,,,,,,,,,,
Строительство и ремонт,Измерительный,,,,,,,,,,,,,,
Строительство и ремонт,Линейка,,,,,,,,,,,,,,
Строительство и ремонт,Контейнер для мусора,,,,,,,,,,,,,,
Строительство и ремонт,Веревка,,,,,,,,,,,,,,
Строительство и ремонт,Мешок для строительного,,,,,,,,,,,,,,
Строительство и ремонт,Набор инструментов,,,,,,,,,,,,,,
Строительство и ремонт,Бензин,,,,,,,,,,,,,,
Строительство и ремонт,Шпагат,,,,,,,,,,,,,,
Строительство и ремонт,Крючок,,,,,,,,,,,,,,
Строительство и ремонт,Термометр,,,,,,,,,,,,,,
Строительство и ремонт,Шило,,,,,,,,,,,,,,
Строительство и ремонт,Ковш,,,,,,,,,,,,,,
Строительство и ремонт,Насадка-моп,,,,,,,,,,,,,,
Строительство и ремонт,Многофункциональный,,,,,,,,,,,,,,
Строительство и ремонт,Кольца,,,,,,,,,,,,,,
Строительство и ремонт,Фал,,,,,,,,,,,,,,
Строительство и ремонт,Штангенциркуль,,,,,,,,,,,,,,
Строительство и ремонт,Набор прецизионных,,,,,,,,,,,,,,
Строительство и ремонт,Бак,,,,,,,,,,,,,,
Сумки и тележки,Тележка,,,,,,,,,,,,,,
Сумки и тележки,Сумка,,,,,,,,,,,,,,
Сумки и тележки,Корзинка,,,,,,,,,,,,,,
Сад и огород,Рассада,,,,,,,,,,,,,,
Сад и огород,Роза садовая,,,,,,,,, ,,,,,
Сад и огород,Флокс,,,,,,,,,,,,,,
Сад и огород,Кориандр,,,,,,,,,,,,,,
Сад и огород,Петрушка,,,,,,,,,,,,,,
Сад и огород,Салат,,,,,,,,,,,,,,
Сад и огород,Томат,,,,,,,,,,,,,,
Сад и огород,Укроп,,,,,,,,,,,,,,
Сад и огород,Базилик,,,,,,,,,,,,,,
Сад и огород,Колеус,,,,,,,,,,,,,,
Сад и огород,Петуния,,,,,,,,,,,,,,
Сад и огород,Корыто,,,,,,,,,,,,,,
Сад и огород,Колокольчик,,,,,,,,,,,,,,
Сад и огород,Вербена,,,,,,,,,,,,,,
Сад и огород,Набор для пикника,,,,,,,,,,,,,,
Сад и огород,Однолетнее,,,,,,,,,,,,,,
Сад и огород,Аргирантерум,,,,,,,,,, ,,,,
Сад и огород,Сельдерей,,,,,,,,,,,,,,
Сад и огород,Тыква,,,,,,,,,, ,,,,
Сад и огород,томата,,,,,,,,,,,,,,
Сад и огород,Бархатцы,,,,,,,,,,,,,,
Сад и огород,Вигна,,,,,,,,,,,,,,
Сад и огород,Кабачок,,,,,,,,,,,,,,
Сад и огород,Огурец,,,,,,,,,,,,,,
Сад и огород,Космея,,,,,,,,,,,,,,
Сад и огород,Морковь,,,,,,,,,,,,,,
Сад и огород,Настурция,,,,,,,,,,,,,,
Сад и огород,Шалфей,,,,,,,,,,,,,,
Сад и огород,Любисток,,,,,,,,,,,,,,
Сад и огород,Табак,,,,,,,,,,,,,,
Сад и огород,Цинерария,,,,,,,,,,,,,,
Сад и огород,Алиссум,,,,,,,,,,,,,,
Сад и огород,Гвоздика,,,,,,,,,,,,,,
Сад и огород,Капуста,,,,,,,,,,,,,,
Сад и огород,Годеция,,,,,,,,,,,,,,
Сад и огород,Календула,,,,,,,,,,,,,,
Сад и огород,Кореопсис,,,,,,,,,,,,,,
Сад и огород,Лапчатка,,,,,,,,,,,,,,
Сад и огород,Львиный,,,,,,,,,,,,,,
Сад и огород,Лен,,,,,,,,,,,,,,
Сад и огород,Нивянник,,,,,,,,,,,,,,
Сад и огород,Валериана,,,,,,,,,,,,,,
Сад и огород,Змееголовник,,,,,,,,,,,,,,
Сад и огород,Эшшольция,,,,,,,,,,,,,,
Сад и огород,Лаватера,,,,,,,,,,,,,,
Сад и огород,Аквилегия,,,,,,,,,,,,,,
Сад и огород,Анемона,,,,,,,,,,,,,,
Сад и огород,Камнеломка,,,,,,,,,,,,,,
Сад и огород,Подсолнечник,,,,,,,,,,,,,,
Сад и огород,Гиностемма,,,,,,,,,,,,,,
Сад и огород,Ель,,,,,,,,,,,,,,
Сад и огород,Кипарисовик,,,,,,,,,,,,,,
Сад и огород,Новогоднее,,,,,,,,,,,,,,
Сад и огород,Бакопа,,,,,,,,,,,,,,
Сад и огород,Лобелия,,,,,,,,,, ,,,,
Сад и огород,Овсянница,,,,,,,,,, ,,,,
Сад и огород,Цинерания,,,,,,,,,,,,,,
Сад и огород,Тагетис,,,,,,,,,,,,,,
Сад и огород,Вербейник,,,,,,,,,,,,,,
Сад и огород,Портулак,,,,,,,,,,,,,,
Сад и огород,Патиссон,,,,,,,,,,,,,,
Сад и огород,Бадан,,,,,,,,,,,,,,
Сад и огород,Ясколка,,,,,,,,,,,,,,
Сад и огород,Барвинок,,,,,,,,,,,,,,
Сад и огород,Котовник,,,,,,,,,,,,,,
Сад и огород,Седум,,,,,,,,,,,,,,
Сад и огород,Солидаго,,,,,,,,,,,,,,
Сад и огород,Физостегия,,,,,,,,,,,,,,
Сад и огород,Вероника,,,,,,,,,,,,,,
Сад и огород,Астра,,,,,,,,,,,,,,
Сад и огород,Бузульник,,,,,,,,,,,,,,
Сад и огород,Девичий,,,,,,,,,,,,,,
Сад и огород,Кодонанта,,,,,,,,,,,,,,
Сад и огород,Арбуз,,,,,,,,,,,,,,
Сад и огород,Осина,,,,,,,,,,,,,,
Сад и огород,Рудбекия,,,,,,,,,,,,,,
Сад и огород,Виола,,,,,,,,,,,,,,
Сад и огород,Газания,,,,,,,,,, ,,,,
Сад и огород,Гайлардия,,,,,,,,,,,,,,
Сад и огород,Гипсофила,,,,,,,,,, ,,,,
Сад и огород,Дыня,,,,,,,,,,,,,,
Сад и огород,Папоротник,,,,,,,,,,,,,,
Сад и огород,Хоста,,,,,,,,,,,,,,
Сад и огород,Горох,,,,,,,,,,,,,,
Сад и огород,Земляника,,,,,,,,,,,,,,
Сад и огород,Лук,,,,,,,,,,,,,,
Сад и огород,Сальвия,,,,,,,,,,,,,,
Сад и огород,Целозия,,,,,,,,,,,,,,
Сад и огород,Незабудка,,,,,,,,,,,,,,
Сад и огород,Калла,,,,,,,,,,,,,,
Сад и огород,Тюльпан,,,,,,,,,,,,,,
Сад и огород,Гиацинт,,,,,,,,,,,,,,
Сад и огород,Ранункулус,,,,,,,,,,,,,,
Сад и огород,Георгина,,,,,,,,,,,,,,
Сад и огород,Смолевка,,,,,,,,,,,,,,
Сад и огород,Цинния,,,,,,,,,,,,,,
Сад и огород,Эхинацея,,,,,,,,,,,,,,
Сад и огород,Лилейник,,,,,,,,,,,,,,
Сад и огород,Платикодон,,,,,,,,,,,,,,
Сад и огород,Энотера,,,,,,,,,,,,,,
Сад и огород,Циния,,,,,,,,,,,,,,
Сад и огород,Мускари,,,,,,,,,,,,,,
Сад и огород,Пиретрум,,,,,,,,,,,,,,
Сад и огород,Агератум,,,,,,,,,,,,,,
Сад и огород,Левкой,,,,,,,,,,,,,,
Сад и огород,Маттиола,,,,,,,,,,,,,,
Сад и огород,Клубника,,,,,,,,,,,,,,
